genotype,hypocotyl_curvature,time,direction
gl1,154.058,0,n
gl1,178.452,0,n
gl1,167.125,0,n
gl1,176.1,0,n
gl1,143.616,0,n
gl1,178.152,0,n
gl1,151.607,0,n
gl1,171.027,0,n
gl1,180,0,p
gl1,148.392,0,n
gl1,178.568,0,n
gl1,154.058,5,n
gl1,178.452,5,n
gl1,167.125,5,n
gl1,176.1,5,n
gl1,145.62,5,n
gl1,178.152,5,n
gl1,151.607,5,n
gl1,171.027,5,n
gl1,180,5,p
gl1,148.392,5,n
gl1,178.568,5,n
gl1,154.058,10,n
gl1,178.452,10,n
gl1,167.125,10,n
gl1,176.1,10,n
gl1,145.62,10,n
gl1,178.152,10,n
gl1,151.607,10,n
gl1,168.69,10,n
gl1,180,10,p
gl1,148.392,10,n
gl1,178.568,10,n
gl1,154.058,15,n
gl1,178.452,15,n
gl1,167.125,15,n
gl1,176.1,15,n
gl1,145.62,15,n
gl1,178.152,15,n
gl1,151.607,15,n
gl1,168.69,15,n
gl1,180,15,p
gl1,148.392,15,n
gl1,178.568,15,n
gl1,154.058,20,n
gl1,178.452,20,n
gl1,167.125,20,n
gl1,176.1,20,n
gl1,145.62,20,n
gl1,178.152,20,n
gl1,151.607,20,n
gl1,168.69,20,n
gl1,180,20,p
gl1,148.392,20,n
gl1,178.568,20,n
gl1,154.058,25,n
gl1,178.452,25,n
gl1,167.125,25,n
gl1,176.1,25,n
gl1,145.62,25,n
gl1,178.152,25,n
gl1,151.607,25,n
gl1,168.69,25,n
gl1,180,25,p
gl1,148.392,25,n
gl1,178.568,25,n
gl1,154.058,30,n
gl1,178.452,30,n
gl1,167.125,30,n
gl1,176.1,30,n
gl1,145.62,30,n
gl1,178.152,30,n
gl1,151.607,30,n
gl1,168.69,30,n
gl1,180,30,p
gl1,148.392,30,n
gl1,178.568,30,n
gl1,154.058,35,n
gl1,178.452,35,n
gl1,167.125,35,n
gl1,176.1,35,n
gl1,145.62,35,n
gl1,178.152,35,n
gl1,151.607,35,n
gl1,168.69,35,n
gl1,180,35,p
gl1,148.392,35,n
gl1,178.568,35,n
gl1,154.058,40,n
gl1,178.452,40,n
gl1,168.366,40,n
gl1,176.1,40,n
gl1,145.62,40,n
gl1,178.152,40,n
gl1,151.607,40,n
gl1,168.69,40,n
gl1,180,40,p
gl1,148.392,40,n
gl1,178.568,40,n
gl1,154.058,45,n
gl1,178.452,45,n
gl1,168.366,45,n
gl1,176.1,45,n
gl1,145.62,45,n
gl1,178.152,45,n
gl1,152.85,45,n
gl1,168.69,45,n
gl1,180,45,p
gl1,148.392,45,n
gl1,178.568,45,n
gl1,154.058,50,n
gl1,178.452,50,n
gl1,168.366,50,n
gl1,176.1,50,n
gl1,145.62,50,n
gl1,178.152,50,n
gl1,153.435,50,n
gl1,169.695,50,n
gl1,180,50,p
gl1,149.349,50,n
gl1,178.568,50,n
gl1,154.058,55,n
gl1,178.452,55,n
gl1,168.024,55,n
gl1,176.1,55,n
gl1,145.62,55,n
gl1,177.839,55,n
gl1,156.161,55,n
gl1,172.011,55,n
gl1,178.34,55,p
gl1,149.349,55,n
gl1,178.568,55,n
gl1,155.614,60,n
gl1,178.452,60,n
gl1,169.38,60,n
gl1,178.698,60,n
gl1,145.62,60,n
gl1,178.919,60,n
gl1,157.557,60,n
gl1,173.884,60,n
gl1,177.474,60,p
gl1,150.461,60,n
gl1,179.284,60,n
gl1,158.199,65,n
gl1,180,65,p
gl1,171.119,65,n
gl1,178.698,65,n
gl1,147.724,65,n
gl1,178.919,65,n
gl1,158.405,65,n
gl1,176.878,65,n
gl1,176.583,65,p
gl1,152.354,65,n
gl1,180,65,p
gl1,159.624,70,n
gl1,178.363,70,p
gl1,172.875,70,n
gl1,180,70,p
gl1,154.654,70,n
gl1,180,70,p
gl1,161.565,70,n
gl1,178.939,70,n
gl1,175.668,70,p
gl1,169.16,70,n
gl1,177.769,70,p
gl1,162.072,75,n
gl1,178.363,75,p
gl1,172.875,75,n
gl1,178.636,75,p
gl1,154.654,75,n
gl1,178.919,75,p
gl1,161.565,75,n
gl1,178.919,75,n
gl1,174.806,75,p
gl1,174.92,75,n
gl1,175.365,75,p
gl1,162.072,80,n
gl1,173.089,80,p
gl1,176.186,80,n
gl1,177.207,80,p
gl1,159.775,80,n
gl1,178.919,80,p
gl1,162.216,80,n
gl1,176.634,80,p
gl1,173.089,80,p
gl1,178.636,80,n
gl1,171.87,80,p
gl1,165.174,85,n
gl1,167.661,85,p
gl1,178.091,85,n
gl1,175.711,85,p
gl1,164.476,85,n
gl1,177.839,85,p
gl1,164.667,85,n
gl1,168.518,85,p
gl1,172.117,85,p
gl1,177.138,85,p
gl1,168.53,85,p
gl1,166.373,90,n
gl1,156.038,90,p
gl1,180,90,p
gl1,172.304,90,p
gl1,173.991,90,n
gl1,176.698,90,p
gl1,166.608,90,n
gl1,156.93,90,p
gl1,171.119,90,p
gl1,164.745,90,p
gl1,163.163,90,p
gl1,171.384,95,n
gl1,151.699,95,p
gl1,178.091,95,p
gl1,170.538,95,p
gl1,174.289,95,n
gl1,176.634,95,p
gl1,170.981,95,n
gl1,151.144,95,p
gl1,169.046,95,p
gl1,159.146,95,p
gl1,158.499,95,p
gl1,174.806,100,n
gl1,143.973,100,p
gl1,176.186,100,p
gl1,166.759,100,p
gl1,180,100,p
gl1,175.426,100,p
gl1,175.17,100,n
gl1,143.344,100,p
gl1,165.964,100,p
gl1,154.592,100,p
gl1,154.204,100,p
gl1,174.806,105,n
gl1,141.009,105,p
gl1,171.634,105,p
gl1,163.142,105,p
gl1,174.289,105,p
gl1,174.174,105,p
gl1,178.431,105,n
gl1,138.18,105,p
gl1,163.664,105,p
gl1,149.265,105,p
gl1,150.018,105,p
gl1,178.21,110,n
gl1,139.399,110,p
gl1,169.992,110,p
gl1,160.463,110,p
gl1,168.111,110,p
gl1,172.03,110,p
gl1,180,110,p
gl1,136.591,110,p
gl1,161.259,110,p
gl1,149.265,110,p
gl1,145.751,110,p
gl1,180,115,p
gl1,137.862,115,p
gl1,167.8,115,p
gl1,158.839,115,p
gl1,164.476,115,p
gl1,170.727,115,p
gl1,180,115,p
gl1,132.58,115,p
gl1,157.834,115,p
gl1,143.13,115,p
gl1,143.326,115,p
gl1,176.424,120,p
gl1,135,120,p
gl1,165.964,120,p
gl1,156.571,120,p
gl1,161.565,120,p
gl1,169.16,120,p
gl1,176.82,120,p
gl1,130.101,120,p
gl1,153.435,120,p
gl1,138.24,120,p
gl1,140.856,120,p
gl1,172.648,125,p
gl1,131.82,125,p
gl1,160.017,125,p
gl1,151.821,125,p
gl1,161.565,125,p
gl1,167.735,125,p
gl1,175.17,125,p
gl1,127.875,125,p
gl1,150.255,125,p
gl1,133.877,125,p
gl1,139.399,125,p
gl1,170.538,130,p
gl1,130.101,130,p
gl1,154.983,130,p
gl1,150.945,130,p
gl1,159.228,130,p
gl1,167.735,130,p
gl1,173.48,130,p
gl1,124.824,130,p
gl1,147.45,130,p
gl1,130.426,130,p
gl1,138.013,130,p
p1p2,173.157,0,p
p1p2,166.399,0,p
p1p2,152.949,0,p
p1p2,154.799,0,n
p1p2,162.474,0,n
p1p2,166.945,0,p
p1p2,167.196,0,p
p1p2,169.592,0,p
p1p2,175.073,0,p
p1p2,172.011,0,p
p1p2,170.538,0,n
p1p2,173.157,5,p
p1p2,166.399,5,p
p1p2,152.949,5,p
p1p2,155.726,5,n
p1p2,162.474,5,n
p1p2,166.945,5,p
p1p2,167.196,5,p
p1p2,170.91,5,p
p1p2,175.073,5,p
p1p2,172.011,5,p
p1p2,170.538,5,n
p1p2,174.289,10,p
p1p2,167.276,10,p
p1p2,152.949,10,p
p1p2,155.726,10,n
p1p2,162.474,10,n
p1p2,166.945,10,p
p1p2,167.196,10,p
p1p2,172.03,10,p
p1p2,175.073,10,p
p1p2,174.094,10,p
p1p2,170.538,10,n
p1p2,175.515,15,p
p1p2,167.276,15,p
p1p2,152.949,15,p
p1p2,157.457,15,n
p1p2,163.393,15,n
p1p2,166.945,15,p
p1p2,167.196,15,p
p1p2,173.157,15,p
p1p2,175.073,15,p
p1p2,176.186,15,p
p1p2,170.538,15,n
p1p2,176.634,20,p
p1p2,167.276,20,p
p1p2,152.949,20,p
p1p2,154.747,20,n
p1p2,163.664,20,n
p1p2,166.945,20,p
p1p2,167.196,20,p
p1p2,174.289,20,p
p1p2,175.073,20,p
p1p2,178.091,20,p
p1p2,170.538,20,n
p1p2,176.634,25,p
p1p2,166.399,25,p
p1p2,154.855,25,p
p1p2,156.93,25,n
p1p2,165.735,25,n
p1p2,166.945,25,p
p1p2,167.196,25,p
p1p2,175.601,25,p
p1p2,175.073,25,p
p1p2,180,25,p
p1p2,173.571,25,n
p1p2,176.634,30,p
p1p2,166.399,30,p
p1p2,154.855,30,p
p1p2,160.615,30,n
p1p2,166.866,30,n
p1p2,167.735,30,p
p1p2,167.196,30,p
p1p2,176.82,30,p
p1p2,175.073,30,p
p1p2,180,30,p
p1p2,176.82,30,n
p1p2,176.634,35,p
p1p2,166.399,35,p
p1p2,154.855,35,p
p1p2,160.615,35,n
p1p2,168.503,35,n
p1p2,168.845,35,p
p1p2,167.196,35,p
p1p2,178.958,35,p
p1p2,175.073,35,p
p1p2,178.059,35,n
p1p2,178.386,35,n
p1p2,177.754,40,p
p1p2,166.399,40,p
p1p2,154.855,40,p
p1p2,160.615,40,n
p1p2,170.38,40,n
p1p2,168.845,40,p
p1p2,167.196,40,p
p1p2,180,40,p
p1p2,175.073,40,p
p1p2,178.059,40,n
p1p2,178.386,40,n
p1p2,177.754,45,p
p1p2,165.303,45,p
p1p2,154.855,45,p
p1p2,160.615,45,n
p1p2,171.18,45,n
p1p2,168.845,45,p
p1p2,167.196,45,p
p1p2,180,45,p
p1p2,175.073,45,p
p1p2,178.059,45,n
p1p2,178.386,45,n
p1p2,175.914,50,p
p1p2,165.303,50,p
p1p2,154.855,50,p
p1p2,160.615,50,n
p1p2,172.999,50,n
p1p2,168.071,50,p
p1p2,169.019,50,p
p1p2,180,50,p
p1p2,175.073,50,p
p1p2,178.059,50,n
p1p2,178.386,50,n
p1p2,174.71,55,p
p1p2,165.303,55,p
p1p2,154.855,55,p
p1p2,160.615,55,n
p1p2,172.999,55,n
p1p2,168.071,55,p
p1p2,169.019,55,p
p1p2,180,55,p
p1p2,172.999,55,p
p1p2,178.059,55,n
p1p2,178.386,55,n
p1p2,174.71,60,p
p1p2,165.303,60,p
p1p2,154.855,60,p
p1p2,160.615,60,n
p1p2,174.094,60,n
p1p2,168.071,60,p
p1p2,169.019,60,p
p1p2,180,60,p
p1p2,171.87,60,p
p1p2,178.059,60,n
p1p2,179.182,60,n
p1p2,174.71,65,p
p1p2,166.185,65,p
p1p2,154.855,65,p
p1p2,160.615,65,n
p1p2,173.991,65,n
p1p2,168.071,65,p
p1p2,169.019,65,p
p1p2,180,65,p
p1p2,171.87,65,p
p1p2,177.089,65,n
p1p2,179.182,65,n
p1p2,174.71,70,p
p1p2,167.969,70,p
p1p2,154.855,70,p
p1p2,160.615,70,n
p1p2,173.991,70,n
p1p2,167.125,70,p
p1p2,169.019,70,p
p1p2,180,70,p
p1p2,171.87,70,p
p1p2,176.186,70,n
p1p2,179.182,70,n
p1p2,175.84,75,p
p1p2,169.046,75,p
p1p2,154.855,75,p
p1p2,160.615,75,n
p1p2,173.991,75,n
p1p2,165.964,75,p
p1p2,171.634,75,p
p1p2,180,75,p
p1p2,171.87,75,p
p1p2,175.236,75,n
p1p2,179.182,75,n
p1p2,175.84,80,p
p1p2,170.838,80,p
p1p2,154.855,80,p
p1p2,160.615,80,n
p1p2,173.991,80,n
p1p2,164.521,80,p
p1p2,171.634,80,p
p1p2,180,80,p
p1p2,171.87,80,p
p1p2,174.289,80,n
p1p2,179.182,80,n
p1p2,175.84,85,p
p1p2,173.454,85,p
p1p2,154.855,85,p
p1p2,158.199,85,n
p1p2,174.898,85,n
p1p2,163.56,85,p
p1p2,171.634,85,p
p1p2,180,85,p
p1p2,169.509,85,p
p1p2,174.289,85,n
p1p2,179.182,85,n
p1p2,175.84,90,p
p1p2,176.309,90,p
p1p2,154.855,90,p
p1p2,156.541,90,n
p1p2,174.898,90,n
p1p2,162.15,90,p
p1p2,171.634,90,p
p1p2,180,90,p
p1p2,169.509,90,p
p1p2,174.289,90,n
p1p2,177.546,90,n
p1p2,177.99,95,p
p1p2,178.958,95,p
p1p2,154.855,95,p
p1p2,153.435,95,n
p1p2,174.898,95,n
p1p2,159.677,95,p
p1p2,171.634,95,p
p1p2,180,95,p
p1p2,168.056,95,p
p1p2,174.289,95,n
p1p2,175.914,95,n
p1p2,177.99,100,p
p1p2,178.958,100,p
p1p2,154.855,100,p
p1p2,148.861,100,n
p1p2,174.898,100,n
p1p2,157.62,100,p
p1p2,171.634,100,p
p1p2,180,100,p
p1p2,168.056,100,p
p1p2,172.763,100,n
p1p2,176.634,100,n
p1p2,177.99,105,p
p1p2,178.958,105,p
p1p2,158.009,105,p
p1p2,145.176,105,n
p1p2,174.898,105,n
p1p2,154.841,105,p
p1p2,170.676,105,p
p1p2,180,105,p
p1p2,168.056,105,p
p1p2,172.763,105,n
p1p2,174.883,105,n
p1p2,177.99,110,p
p1p2,176.934,110,n
p1p2,160.017,110,p
p1p2,142.306,110,n
p1p2,173.774,110,n
p1p2,155.493,110,p
p1p2,169.846,110,p
p1p2,178.958,110,p
p1p2,168.056,110,p
p1p2,172.763,110,n
p1p2,174.207,110,n
p1p2,177.99,115,p
p1p2,174.806,115,n
p1p2,160.017,115,p
p1p2,137.936,115,n
p1p2,173.774,115,n
p1p2,157.782,115,p
p1p2,169.846,115,p
p1p2,178.958,115,p
p1p2,168.056,115,p
p1p2,170.838,115,n
p1p2,174.207,115,n
p1p2,177.99,120,p
p1p2,174.806,120,n
p1p2,163.393,120,p
p1p2,137.936,120,n
p1p2,173.774,120,n
p1p2,158.749,120,p
p1p2,169.846,120,p
p1p2,177.879,120,p
p1p2,168.056,120,p
p1p2,169.939,120,n
p1p2,175.914,120,n
p1p2,177.99,125,p
p1p2,175.764,125,n
p1p2,165.256,125,p
p1p2,137.936,125,n
p1p2,173.66,125,n
p1p2,159.702,125,p
p1p2,169.846,125,p
p1p2,177.879,125,p
p1p2,168.056,125,p
p1p2,169.939,125,n
p1p2,176.775,125,n
p1p2,180,130,p
p1p2,178.919,130,n
p1p2,169.077,130,p
p1p2,139.939,130,n
p1p2,175.764,130,n
p1p2,159.702,130,p
p1p2,169.846,130,p
p1p2,177.879,130,p
p1p2,168.056,130,p
p1p2,169.939,130,n
p1p2,178.386,130,n
gl1,170.538,135,p
gl1,130.101,135,p
gl1,150.068,135,p
gl1,148.392,135,p
gl1,159.228,135,p
gl1,166.264,135,p
gl1,172.569,135,p
gl1,123.977,135,p
gl1,141.843,135,p
gl1,123.69,135,p
gl1,138.013,135,p
gl1,166.43,140,p
gl1,128.29,140,p
gl1,145.886,140,p
gl1,145.784,140,p
gl1,157.521,140,p
gl1,166.201,140,p
gl1,172.569,140,p
gl1,123.977,140,p
gl1,141.843,140,p
gl1,118.179,140,p
gl1,136.548,140,p
gl1,164.578,145,p
gl1,126.384,145,p
gl1,146.31,145,p
gl1,143.13,145,p
gl1,157.521,145,p
gl1,162.216,145,p
gl1,169.695,145,p
gl1,123.977,145,p
gl1,138.918,145,p
gl1,118.179,145,p
gl1,134.215,145,p
gl1,164.578,150,p
gl1,124.992,150,p
gl1,143.427,150,p
gl1,140.44,150,p
gl1,157.521,150,p
gl1,160.907,150,p
gl1,168.341,150,p
gl1,123.977,150,p
gl1,138.918,150,p
gl1,119.745,150,p
gl1,134.215,150,p
gl1,164.578,155,p
gl1,123.024,155,p
gl1,141.34,155,p
gl1,139.185,155,p
gl1,157.521,155,p
gl1,157.218,155,p
gl1,165.964,155,p
gl1,123.977,155,p
gl1,136.591,155,p
gl1,121.264,155,p
gl1,134.215,155,p
gl1,162.181,160,p
gl1,120.964,160,p
gl1,139.236,160,p
gl1,135,160,p
gl1,155.095,160,p
gl1,155.376,160,p
gl1,162.759,160,p
gl1,122.55,160,p
gl1,136.591,160,p
gl1,121.264,160,p
gl1,133.409,160,p
gl1,158.552,165,p
gl1,119.745,165,p
gl1,138.122,165,p
gl1,135,165,p
gl1,155.095,165,p
gl1,153.925,165,p
gl1,158.962,165,p
gl1,122.55,165,p
gl1,136.591,165,p
gl1,121.264,165,p
gl1,133.409,165,p
gl1,156.801,170,p
gl1,117.646,170,p
gl1,136.042,170,p
gl1,135,170,p
gl1,154.29,170,p
gl1,138.9,170,p
gl1,154.398,170,p
gl1,121.675,170,p
gl1,135.807,170,p
gl1,118.887,170,p
gl1,133.409,170,p
gl1,153.435,175,p
gl1,117.646,175,p
gl1,132.879,175,p
gl1,131.987,175,p
gl1,154.29,175,p
gl1,138.9,175,p
gl1,154.398,175,p
gl1,120.784,175,p
gl1,133.363,175,p
gl1,118.887,175,p
gl1,133.409,175,p
gl1,153.435,180,p
gl1,117.646,180,p
gl1,130.764,180,p
gl1,131.987,180,p
gl1,151.699,180,p
gl1,138.9,180,p
gl1,154.398,180,p
gl1,119.876,180,p
gl1,131.73,180,p
gl1,118.887,180,p
gl1,132.58,180,p
p1p2,180,135,p
p1p2,178.919,135,n
p1p2,169.077,135,p
p1p2,139.939,135,n
p1p2,175.764,135,n
p1p2,159.702,135,p
p1p2,169.846,135,p
p1p2,177.879,135,p
p1p2,168.056,135,p
p1p2,171.607,135,n
p1p2,180,135,p
p1p2,180,140,p
p1p2,180,140,p
p1p2,173.234,140,p
p1p2,138.447,140,n
p1p2,177.839,140,n
p1p2,161.333,140,p
p1p2,170.811,140,p
p1p2,177.879,140,p
p1p2,168.056,140,p
p1p2,172.528,140,n
p1p2,180,140,p
p1p2,178.995,145,n
p1p2,180,145,p
p1p2,176.121,145,p
p1p2,138.447,145,n
p1p2,177.839,145,n
p1p2,161.333,145,p
p1p2,170.811,145,p
p1p2,177.879,145,p
p1p2,168.056,145,p
p1p2,173.346,145,n
p1p2,177.546,145,p
p1p2,178.995,150,n
p1p2,178.898,150,p
p1p2,176.121,150,p
p1p2,141.789,150,n
p1p2,177.839,150,n
p1p2,162.229,150,p
p1p2,170.811,150,p
p1p2,177.879,150,p
p1p2,168.056,150,p
p1p2,174.382,150,n
p1p2,176.682,150,p
p1p2,176.987,155,n
p1p2,177.839,155,p
p1p2,177.089,155,p
p1p2,143.13,155,n
p1p2,178.919,155,n
p1p2,162.229,155,p
p1p2,170.811,155,p
p1p2,177.879,155,p
p1p2,168.056,155,p
p1p2,175.156,155,n
p1p2,175.03,155,p
p1p2,176.987,160,n
p1p2,175.601,160,p
p1p2,178.091,160,p
p1p2,145.008,160,n
p1p2,178.919,160,n
p1p2,161.114,160,p
p1p2,170.811,160,p
p1p2,177.879,160,p
p1p2,165.426,160,p
p1p2,176.121,160,n
p1p2,175.03,160,p
p1p2,176.987,165,n
p1p2,175.601,165,p
p1p2,178.091,165,p
p1p2,146.31,165,n
p1p2,178.919,165,n
p1p2,161.114,165,p
p1p2,170.811,165,p
p1p2,177.879,165,p
p1p2,164.055,165,p
p1p2,178.122,165,n
p1p2,175.03,165,p
p1p2,176.987,170,n
p1p2,175.601,170,p
p1p2,178.091,170,p
p1p2,146.31,170,n
p1p2,178.919,170,n
p1p2,161.114,170,p
p1p2,170.811,170,p
p1p2,177.879,170,p
p1p2,162.979,170,p
p1p2,178.122,170,n
p1p2,176.73,170,p
p1p2,175.986,175,n
p1p2,176.698,175,p
p1p2,178.091,175,p
p1p2,146.31,175,n
p1p2,178.919,175,n
p1p2,161.114,175,p
p1p2,171.754,175,p
p1p2,177.879,175,p
p1p2,162.979,175,p
p1p2,178.122,175,n
p1p2,178.409,175,p
p1p2,174.987,180,n
p1p2,177.797,180,p
p1p2,177.089,180,p
p1p2,146.31,180,n
p1p2,178.919,180,n
p1p2,159.528,180,p
p1p2,171.754,180,p
p1p2,177.879,180,p
p1p2,162.979,180,p
p1p2,178.122,180,n
p1p2,180,180,p
